{"cameraMode":{"drawMode":0,"name":"Shaded","section":"Shading Mode"},"sceneLighting":false,"audioPlay":false,"sceneViewState":{"m_AlwaysRefresh":false,"showFog":true,"showSkybox":false,"showFlares":true,"showImageEffects":true,"showParticleSystems":true,"showVisualEffectGraphs":true,"m_FxEnabled":true},"in2DMode":false,"pivot":{"x":-1.4901161193847657e-8,"y":0.21181072294712068,"z":-0.002673111855983734},"rotation":{"x":0.16934725642204286,"y":0.050725165754556659,"z":-0.009034226648509503,"w":0.9842579364776611},"size":0.2783445715904236,"orthographic":false}