{"cameraMode":{"drawMode":0,"name":"Shaded","section":"Shading Mode"},"sceneLighting":true,"audioPlay":false,"sceneViewState":{"m_AlwaysRefresh":false,"showFog":true,"showSkybox":true,"showFlares":true,"showImageEffects":true,"showParticleSystems":true,"showVisualEffectGraphs":true,"m_FxEnabled":true},"in2DMode":false,"pivot":{"x":4.896553039550781,"y":5.483916282653809,"z":3.3297529220581056},"rotation":{"x":0.28787389397621157,"y":-0.6499382257461548,"z":0.29191574454307558,"w":0.6400321125984192},"size":1.1618871688842774,"orthographic":false}