{"cameraMode":{"drawMode":0,"name":"Shaded","section":"Shading Mode"},"sceneLighting":true,"audioPlay":false,"sceneViewState":{"m_AlwaysRefresh":false,"showFog":true,"showSkybox":true,"showFlares":true,"showImageEffects":true,"showParticleSystems":true,"showVisualEffectGraphs":true,"m_FxEnabled":true},"in2DMode":false,"pivot":{"x":-2.006920337677002,"y":3.7733945846557619,"z":12.135963439941407},"rotation":{"x":-0.03988071531057358,"y":-0.34647318720817568,"z":-0.014963786117732525,"w":0.9373465776443481},"size":4.6416239738464359,"orthographic":false}