{"cameraMode":{"drawMode":0,"name":"Shaded","section":"Shading Mode"},"sceneLighting":true,"audioPlay":false,"sceneViewState":{"m_AlwaysRefresh":false,"showFog":true,"showSkybox":true,"showFlares":true,"showImageEffects":true,"showParticleSystems":true,"showVisualEffectGraphs":true,"m_FxEnabled":true},"in2DMode":false,"pivot":{"x":3.8452823162078859,"y":-5.225736618041992,"z":7.055525779724121},"rotation":{"x":0.35450032353401186,"y":-0.009817829355597496,"z":0.0037234434857964517,"w":0.9350021481513977},"size":13.719497680664063,"orthographic":false}